x1,x2,x3,y
-1.0,0.0730736726078125,0.5798750678161053,-4.07950235915064
-0.823113200703786,1.0,0.4647713528822466,3.124736549772561
0.8770587450451768,-1.0,0.7026504861836687,-4.927798272657449
-1.0,0.27310320396468435,-0.8143601190590042,5.1470199356019695
1.0,0.3883013165339564,-1.0,10.902058781523756
0.3541048304078218,-0.5610413177409674,-0.08722753962299934,1.3914527664785734
1.0,0.12680951628130055,0.06775475995523017,5.562466728330166
-1.0,-1.0,-0.3405534818663938,5.891641702603957
-0.9765245793033401,-0.18983900901454898,0.2857398822408612,-3.5484557749445194
-0.2501757256911492,-1.0,-0.3910314128652794,1.0835350182108487
0.2831856933070853,0.21045682465225912,0.919158856583165,0.7051290270163875
-1.0,1.0,0.022976347528905983,8.434380221880549
-0.9542840211565202,0.2224859496878382,0.28137626396835924,-4.1901457781736235
-0.7982414046613431,1.0,-1.0,4.749473176542095
1.0,0.5650870047495826,-1.0,12.903060894712976
-0.8505963011698587,0.7024224998622095,0.1032936425113069,-3.1013012167602465
1.0,-0.34033585755584683,-0.06572731871108184,4.029449377241229
-0.1271839502533516,-0.6093654861256252,-0.9354281637516351,-4.668961587604847
-0.8022433342366055,0.05030689721085979,0.21623635396857832,-3.0651854288820424
0.12452811196124713,0.5187706143257398,0.4684956765885955,0.9671349257174389
1.0,-0.9881186622485922,0.31524204989064564,-6.864229185382111
1.0,0.1218649491220718,-0.08301723996593524,4.0992811377976555
0.3334930478156586,-0.3271151111408257,1.0,-2.071771518137862
-0.44050784442199764,0.7731105942721155,0.31430563668414147,-0.0971720208492593
-1.0,0.254963833028657,1.0,2.5864458354019364
-0.849608314612665,-0.6005658344431282,0.5688423712667705,2.686774311237437
-0.09437496437205328,0.6160550354795151,-0.49495269410926235,0.32105683032952625
-0.8950301238128928,0.5518728013443976,1.0,4.987556654223351
1.0,0.2812958463552635,-0.17687818771264663,4.0800691927621315
0.047624595455213026,-0.6591277232921167,-0.15868025876216918,1.8332021328129067
-0.405359448391688,0.7645005297804843,-0.6927607005772591,-0.6783198868072107
0.9936120057120972,-0.5426395348745343,-0.6070576731749662,5.199549060061037
0.23056672699121128,0.34823720600607455,0.7911431072218935,0.3483460947460441
1.0,-1.0,-0.016889618061789236,-7.805236855623741
1.0,0.19324484246914175,0.6577850758441146,10.531532134569453
1.0,1.0,0.17042235535495265,13.30119743911287
0.4754325925572829,-1.0,1.0,-7.239615674314891
0.999992516419556,-0.15157914626435254,-0.730261155706414,6.71632478276351
1.0,0.04058169404224077,0.7725828652239284,8.565945163653891
-0.5410726339577137,0.6798000678519724,-0.3312970128632189,-1.3063426327054937
0.09053549721799348,-0.6724597463131736,0.6898433606548213,0.493491914946265
1.0,0.47216553770602765,-0.7400316877633621,7.654404643427464
0.036139497160815104,0.1339597505326997,0.26251535981787755,-0.3216569800566669
0.5849064059356412,1.0,0.5301078175488301,7.25043091774471
-0.92027889812036,1.0,0.7170376359369979,2.5786884506492815
-1.0,0.2862779500623316,-0.7563997954538948,4.282390167472034
0.6173596078213315,0.8178185728572511,0.7209709319589896,4.916075010430149
0.34418271050452476,0.3525092313726894,0.3508805378024007,1.2699198388052306
0.5717578233078431,-0.6899001342116993,1.0,-4.269863651711063
-0.6263646100515268,0.72168903274012,-1.0,-2.114188198432789
-0.9959493748564483,-0.01637958033825182,-0.6093302556719342,-0.455317588555536
0.8713300298719799,0.10114872051637125,-0.7695540147596169,4.2513693126114145
-1.0,0.0037105465170998997,-0.7100757711732861,0.9052262929036624
-0.10703886250549521,-1.0,-0.002477733331388343,2.527653701471513
-0.8179234617110354,0.979329741575812,-0.40713016307346694,4.113739331424019
0.009854844190364975,-0.8955603264252705,-0.8828877328029423,-6.219602606005598
-0.22946591686771378,1.0,1.0,14.051546979554967
0.10324213020733808,-0.656828545181376,-0.5815536622069399,0.2067030434550401
0.05843208849262971,-0.43592318243437744,-0.5967576626617883,0.2757414863542099
0.3392477331402062,-0.4500628771617854,-0.3194422752873505,1.423151027138984
-0.08011674542658853,0.9657780031650394,0.6995142356295752,7.673855690738814
0.5812287237865081,-0.23539230637235242,-0.3378421644847014,0.6525337788276151
-0.548059881817089,0.3111088776649398,-1.0,-1.0015306149060228
0.9753767192625589,-0.1521215930862423,-0.19785668720645977,3.803004421073196
0.36007596541787446,0.2145935124609044,0.5790638099846253,0.8643007585299461
-1.0,0.35964302950781946,0.5502290411329411,-4.320798850056731
0.4601879174830432,-1.0,-0.9073923810850746,-15.104729819763008
-0.8730875222355736,0.30464102203662247,-0.7437273651377867,0.7661497654502419
0.6693227635719565,0.34657004584679396,-1.0,-0.8355724201956025
0.17472809175704573,-0.8597843931923508,-0.7528005755759062,-3.157007686284322
0.4105153596892783,-1.0,1.0,-6.379198107154654
-1.0,0.05379459235929751,0.11173308884765976,-4.714832639336919
-0.3621510439083293,0.7770948401770084,-0.22192676291731894,-0.33833102799397
-1.0,-0.8322077529994243,0.11380366804523723,4.2498918661754965
0.38131262517352216,0.16701495061939808,-0.718543346751713,0.6319985991172984
-0.21731087789182246,0.1459063200500872,-0.40440100005758284,0.16553024376694758
-1.0,0.24684999185113865,0.32785320469324697,-4.950197918436883
0.9292270943313685,0.18065229479981815,-0.37036980714303014,3.6649652172482763
-0.7498938977825287,-0.38362044276688767,0.4669914228112888,0.9523419164549487
0.5733329439216819,-0.6932860772647451,-1.0,-9.242352555076739
-0.24495338162756353,0.31672431228299547,1.0,2.03783706382664
0.003229988144714646,0.2618380984453488,1.0,1.5478513530751037
0.7674170183387274,0.8667936016100821,-0.33329563669572715,5.381433609189577
0.45304718741802463,-1.0,-0.39187961871693333,-1.1739642763608722
1.0,-0.6307523247304629,0.23735235953508416,2.867359848652181
0.9708705481374664,0.37973566928088753,-0.3051442737447059,3.4791956382242373
-0.509428205224256,0.46492216079228865,0.7013301385701953,-0.21022523615597827
-0.08551306038846418,-0.6016203755991332,-1.0,-6.227118115932286
0.3816122350641249,-0.9009119318680112,-0.24360318833841355,2.3474005753554663
0.5453060661873059,-0.2772335068435665,-1.0,-4.471910382303668
0.277350264312759,-0.04197364385175306,-0.22431137068226303,1.3630240156561544
-0.1517809905125762,-0.35467680134556967,-0.24103352996967775,0.8458045236267617
0.851252029037936,-1.0,0.6867502962348706,-3.5217715526419084
-0.8040404092965092,0.4291003125981887,0.32890334280038336,-3.5712272774434473
-0.7886341264739634,-0.12625876407731962,0.05042858760451607,-1.8091518094184615
-0.27639684470651504,-1.0,0.039562640311080255,2.8486005790322095
1.0,1.0,0.3811193705065463,13.618924099200322
-1.0,-1.0,0.6767381938489181,15.70978989902907
-0.8271827497854913,-0.04534672464265954,-1.0,6.412526543291584
0.7503575112782221,0.5416835607399484,-0.7522350830302806,1.453659040413077
-1.0,-0.7663237666864038,0.7522371284060483,9.081329662115976
-1.0,-0.5244398667741714,-1.0,5.508968179734708
1.0,0.2133515658275975,-0.45378847569209624,4.458198952608588
1.0,-1.0,0.9070878752088254,-7.084797501840336
1.0,-0.46350515747032484,1.0,5.627268861863258
-0.8274484644674924,0.750871910223583,1.0,7.963187356658437
0.6604921673991189,1.0,-0.6037147140349619,12.28995015818592
-1.0,-1.0,1.0,22.26343051491373
-0.7212805840285814,-0.4142755522807031,0.15016315452793472,0.3683738469884147
1.0,0.24647256402969853,1.0,16.8616064057911
-0.3299504646828655,0.321032353483258,-1.0,-2.6706197208728706
-0.6954573873323981,0.38449667688607736,1.0,2.8525698280117724
-0.014492157876920597,1.0,-1.0,3.300187099406953
-0.2703868908325062,-0.7069384515198294,-1.0,-7.106404294173099
-0.20442570223355427,0.1743303629091919,0.24351836524803327,-0.24163538707772492
-0.27594213307541304,0.1797165532818361,-0.11117841996874489,-0.11769639354069804
-0.5470297063264935,-1.0,-0.01747153011171565,4.44102412048656
0.24845501058275032,0.09284685193770281,-0.18775020596991254,1.4634633695332795
0.8976991370567533,0.2587192770910527,-0.8937361440369649,4.000537121542484
-1.0,0.012239360655268872,-0.4833579668650789,-2.7381181364339824
0.018787230976746505,-0.03995846050863294,0.7402831551032898,0.060162988249009314
-0.42579713702358335,-1.0,-0.0916671141119112,3.758807684667158
-0.22899806894002306,-0.8921895139926113,-0.10512894296938713,3.290174341990725
-0.4983615529693797,-1.0,-0.26266548691542346,3.1423444647131342
-1.0,0.22562642088292084,-1.0,14.243793648183882
-0.13518144669598753,-0.6779604369023258,0.9335972021206498,-0.6949140601342815
-0.19949590127113082,0.3478974960230756,-0.6771303664623101,-0.9678380755581613
-1.0,1.0,1.0,16.824217220881252
-0.47521234901172527,0.4092078007246185,1.0,3.2858318894609035
-0.2413005905862129,0.4186943945335182,0.7019246435493462,0.5100246260246201
-0.30340070119045515,1.0,0.2452024297366664,6.42885445077136
0.2852533485070856,1.0,-0.27176736388504485,9.966878171990029
-0.9567721940800487,-0.09437406211319943,0.4184531358001493,-2.8940137709703726
0.6112151492702296,1.0,0.7722466991175851,8.131920583219333
-0.28496077642661843,-0.15519923312991857,0.18937487187964774,0.41597385474993187
0.520994692707504,-0.10362945671619483,0.5711106405325324,0.4969555772839218
-0.11941913439223617,-0.8325349472382315,0.861151662475593,-1.7066280241394887
-0.3171936676044296,-0.2388309058333884,0.27831773661146375,0.5619126980752333
0.6889384957573517,1.0,-0.41708234792189014,11.049955843352485
1.0,-1.0,-1.0,-29.155918937244515
0.5352431929754504,1.0,1.0,9.83182897384476
0.43076268104988125,0.6606352189998812,-0.32785403285136594,1.504732846063695
-1.0,-0.8989041019190154,0.46387354064579056,9.741854676380228
-0.35980497321759564,0.4002994532628601,0.5631378182625193,-0.13158143742967782
-0.23033607074336016,-0.7368859647438508,1.0,-2.5053140996974785
0.41873543015734693,-0.3770384799683162,1.0,-2.3417985607375744
-0.5383803424370546,-0.5296147583490316,0.004997377019648974,0.17546340345444
-1.0,-0.7931757169925744,1.0,16.748886328662042
1.0,-0.5968677103386695,0.2703001831797136,3.1693306081792345
-0.5818594626697411,-0.5990837538258689,1.0,1.7019324655175632
0.6096525395039145,-1.0,-0.674864684784924,-7.331738196398349
-0.1928611067006667,0.5996148057201682,0.3545799714654705,-0.5642538127589809
-0.13156398700023186,1.0,-0.5420131234765728,9.59314912419751
0.7551250801351992,-0.4859389861114216,-0.7883394507655161,0.6537586008486177
0.17659144821102868,-0.35631136992874346,-0.5484389473599756,1.5541272758188562
-0.6141420097394126,0.3147459132115993,0.6429647702772454,-1.3435676407849337
0.5112632946188789,-1.0,-1.0,-22.93906160526001
-0.6006595208212056,0.3358352166518399,1.0,2.1567150088961897
-0.25514646779266337,-1.0,1.0,-5.247246672480971
0.09135349861440045,-0.3060913469088129,-0.6038357299885235,0.5823450088094453
-1.0,-0.629982547114176,-0.6164068845659609,0.4356016587865464
0.813455704534016,0.005452780006847346,-1.0,0.018705553487971704
-0.24972564418835286,1.0,0.5994591921819135,8.325918588525775
0.663583303050236,-0.4515964828354515,-1.0,-5.696978897231675
1.0,-1.0,0.1329294640136478,-7.854165706454789
-0.20345546777653922,1.0,-0.6487961884375288,7.916475477498025
-1.0,0.3434706920999848,-0.09683973790787759,-3.6145568242560837
1.0,-0.061482048322327953,-0.16891661835428695,4.119330810598449
-1.0,-1.0,0.1839007268706654,8.312398527948151
-0.17075681626103578,-0.7137331889698308,-0.7331791941956836,-0.38372642957147035
1.0,1.0,-0.6689340063414526,24.859053791543026
0.012577970512627434,-0.13217698680292322,-1.0,-2.855935916832418
1.0,0.9413506342794673,0.9441399552019334,24.493557409462067
1.0,0.36235038993240254,1.0,19.588358517402558
-0.9167773068839895,-0.2577807571500681,0.46638351951834855,-1.296944077214731
-1.0,-0.5074728084787161,0.8415456224960518,4.4198331266298325
-1.0,0.7500476253680866,-0.29605075463561814,2.388837535099643
-0.979530909951944,-1.0,-0.023015637579701487,8.025138267031778
1.0,0.8570155188921669,1.0,26.774556783802783
1.0,0.7832867442738771,-0.5847799116301333,8.638362986691423
0.11241459637431639,-0.18277349675085985,0.3797277774630745,0.5725481851502826
0.007868888818787001,0.25326905441818637,0.3732339955098163,0.620741718479159
1.0,0.37079326483795394,-0.283765596587527,4.680631006516184
1.0,-0.26009165219514485,-0.4073434934162301,4.8856699534198365
1.0,1.0,0.6507513370016349,15.485367977368368
-0.3486476831751686,-1.0,-0.059883731744063695,3.334800799957256
0.6402946609072673,1.0,-0.5981866191590739,12.035599075891858
-0.2587143976996924,-1.0,0.9536937483067609,-3.3849888603846825
-1.0,-1.0,-0.6025854610397858,3.8810004262479314
0.7150052063864565,-0.01584922558575208,0.6004708071172067,3.064327432014044
1.0,-1.0,-0.2327742952381775,-8.111143501510782
-0.3300708850488683,-0.7730637310530157,0.7598977531102489,1.074922043356132
0.12128516730836991,-0.4298923304539266,0.4605912002244865,0.7986854145961579
-0.6786027646884991,0.42300815365913724,-0.777545826171347,-0.18176616811970703
-1.0,0.617855813323579,0.5119624901948625,-5.219385677243013
0.28967979800813315,-0.5886642341380326,-0.676390397306456,0.2888939597326654
0.8342530402349757,1.0,0.004058555150533882,10.229004923722295
0.5024858283762355,0.0912096796721178,1.0,-0.35420453468873836
1.0,0.7277945076335042,-0.11368399966019216,6.919353973444492
0.17972721744831532,0.8051004343626913,-0.842149249015294,0.8770007996576502
1.0,0.8334885222349966,0.283726352724319,10.69057569654242
1.0,-0.0030151381758218854,0.03816503317692144,4.662558367189057
-0.8450102643782882,-0.75085968810867,1.0,7.575028524913622
0.1502692724356447,0.30258497572347,1.0,1.9505426076115568
-1.0,-0.016059975780580604,0.4334212747701718,-3.5839670517306197
0.11092557404488579,-1.0,-1.0,-17.918817002242072
-0.618724373696196,0.8605981959356312,-0.7014005480445333,-0.746587324694575
-0.5021679429447727,-0.30897711657803617,-0.5261960884239358,0.237009398005816
1.0,-0.879430394719867,-1.0,-13.197125240322107
1.0,1.0,0.8589529355165744,20.34278977119417
1.0,-1.0,-1.0,-29.86643821440867
-0.12906226744489468,0.0012363467185445565,-1.0,-2.790099054167537
0.13281062225286622,1.0,-0.1331268180193148,8.693967833131206
-0.8807637378736901,-0.7925670876950581,1.0,8.644387998725396
0.14907925154694213,1.0,0.8158629897010816,9.120714580528242
0.26318016986725556,0.000832732503374567,-0.13778854563112652,1.6689052203103316
-0.06413091915235425,-1.0,-0.708053802598916,-4.249228655472998
-0.6031070170596189,-1.0,1.0,-0.19721866336124294
-0.06491995813968798,0.4949030600748221,-1.0,-3.567171378345399
0.020852135656593385,-0.5356692457570977,-0.14957969500528745,0.808091157931143
1.0,-0.13167525405520264,-0.08912319525674128,4.36810834480625
-0.9401828657062152,0.2779566877862558,0.02047992624884909,-4.346021962419668
-1.0,0.5372091241945209,0.7121194483185598,-3.3876992156745502
-0.05107586658963048,-1.0,1.0,-6.648366335244976
-0.062230962131163414,0.8893980836930635,0.5262689530059279,4.357904547845974
-0.863460181429081,0.27493719439491304,0.12926642123078902,-3.1070170267518953
-0.9001854251806556,0.5692677122513519,-0.5883698188221678,0.7364974644036608
-0.008354415279347327,0.15854510008913048,0.9285253770469479,0.23079899213856664
0.05367051765231112,0.7554720910911958,-0.7317050978417177,0.9230103908651278
1.0,-0.6274404650745138,-0.7266447257664199,4.168517917953094
-0.9654305845141846,0.5300245779343828,0.09242271899677768,-3.7599697544887354
-0.10475547307373034,0.2915217353621653,-0.7245562392665841,-0.2647433291040496
-0.1086645786838294,1.0,-0.008004585447866752,7.09099832887586
-1.0,0.5951641474997509,1.0,6.0734706604462705
-1.0,-0.04615705548613924,-0.039748714446345534,-4.48832229216602
-1.0,0.278335008984125,0.8089361918410702,-2.469787145312932
-0.6706698852461666,-0.11003645822319585,0.39222277518430104,-1.1177257925660207
0.16113119598298153,-0.16602314083994218,-1.0,-3.4603772185891333
-0.3636303801486922,-1.0,-0.12199958772432451,3.6367883014873184
-0.24650493577775934,0.4585647026248041,-0.32755189246355454,-0.4997049864515065
0.5354444652471133,-0.66108630747603,0.27984824052383916,0.8813244706969862
-1.0,-0.18426762415968834,1.0,4.670852873260986
-0.599766821512772,0.4196387343844572,0.8369634176140104,-0.28544734653815823
1.0,-0.21545812708979795,0.6787326416126356,7.455638334490574
0.1283968734641303,0.05390058636453565,1.0,-0.6680792526979143
-1.0,-0.8534816305831168,0.19566884831434805,5.718372707147575
1.0,-1.0,0.5672985990074813,-6.19023902180295
-0.3698515110608922,-0.9699579152836835,-0.5308560235295543,0.3941194867123749
0.47725324391257407,0.004270730646371179,-0.24434265238440345,1.4592171568901433
-1.0,-0.28019200195185645,-0.30714526479362836,-2.5076854367989068
0.9748002286934749,0.28845375440003673,-0.5504173961186392,4.101062157252771
-0.4262111004590521,-0.049582979329829246,0.5740362202859699,0.10939899037831818
0.8962819075067969,-0.2371208306703112,1.0,3.7473290281504132
0.4215513809972973,-0.26789324312262597,0.6031147500146161,1.2060015843316694
-0.7486155371916676,1.0,0.9346936781478918,11.678339292381226
-1.0,0.5877616917176545,-0.537272723815041,1.9204396497301133
1.0,-1.0,0.8169669576695864,-7.14482915837235
-0.13338125920687816,0.3615130258011916,-0.2038242160296171,-0.3846251288512871
0.4496612045419819,0.5690874966620931,1.0,4.836236069234559
0.532054584418858,0.633004599641628,-0.030127822189675912,1.5147628021982305
0.1690269271447542,-0.6641028198297192,0.5505575665507836,0.8719121373096634
-0.39411108863906286,-1.0,0.745393944094155,-0.28127891731847837
-0.15424947820090673,-0.30888131995972357,0.2823824835087896,1.613641141248439
-0.7462729107919435,1.0,0.07278372806290867,3.3318740648909415
0.005922797459269713,-0.29997484795618323,1.0,-1.0147183548061423
0.23256892137104335,-0.09732174638957014,1.0,-0.6127844436773283
-0.4861053084977809,-0.4241281528561187,-0.6077808210262909,0.6285925131049024
0.05829329810711781,-0.26313657308711225,-0.6297165876804107,0.8066658075459602
-0.626405349097674,-1.0,-0.007650013288520441,4.734804853691642
-0.48393738267141506,0.21444307811788432,0.16256777815935974,-1.0936853092001
0.661929763837829,1.0,0.2596552831815142,7.272522882842911
-0.603106822304067,-0.8114259052485735,1.0,1.9496244141973418
-0.2686459403392938,-0.005833908634448548,0.34541020322669636,0.2641516552504716
1.0,-1.0,-1.0,-30.249663477519984
0.6666594116434645,-0.4816278515158119,1.0,-2.8410714940957993
-0.3039466353695053,-0.7315597556673139,-0.30174451675893255,1.3684016758412363
-0.8237802486557513,-0.7827061516176541,-0.7682847779731001,2.020588241792606
1.0,1.0,0.3978258027857282,13.446619323082
0.7181160952305927,0.5662583100996328,-0.9207134615903969,0.47846563710269907
-0.6421722276243365,-0.8031509388893476,0.3992158038482414,2.427168743516311
0.46856083969059115,-0.0670077122218582,0.9790740567056704,-1.2548273294240428
1.0,-0.1827507544303859,0.5639161375203106,7.12084999435037
0.9439226192502352,-0.843225693137212,-1.0,-11.9000902147295
-0.008825368679342693,-0.6539594835023643,0.014991262106075265,0.9988538230328776
-0.9686817929825422,0.17413355725487523,-1.0,11.63878722948329
-0.9123328658680698,-1.0,0.14142541051590896,7.600032375581043
0.1594600571442788,-0.7864697873050943,0.5777702954269495,0.2926755596573676
0.28874014107035095,0.8266865072208465,-0.7318261918261162,2.959255840440149
-1.0,-0.9652021861654356,0.5913524410595612,12.781779999801332
-1.0,-0.4032807132078511,-0.8647403944344083,3.4172112192065702
-0.22084795350995678,0.7219102800507593,-0.6887270706838076,-0.1866316918548852
1.0,-0.1202332657566223,1.0,10.496627982016527
-0.6688176875553129,-1.0,-1.0,-8.26194397474636
0.8887083504132207,-0.981083349089148,-0.15752659937422164,-4.848417097073018
0.6242427606588208,-0.6018185914198937,-0.01072366252449597,1.2405264240263087
0.4768020636553174,-0.524540107361446,-1.0,-6.696425107408015
0.2944574688388537,-0.7389510102759809,-1.0,-10.519350406061886
-0.13728710817185585,-0.3136150252316243,-0.8439304365901996,-0.46709063018610286
0.13902031052367736,0.6422529966580279,-0.06586635723595413,0.740780729844574
-0.3649203136795047,-0.37898582445853934,0.23186452335636565,0.04855827146469899
-0.03114474896014663,-0.37490409860901064,-1.0,-4.318263459278367
0.18967643145705226,-0.20879832685287414,-0.45882590655863886,1.7239897900280718
-1.0,-0.9755372363826262,-0.9704207585751994,2.900431203128014
1.0,-1.0,0.5162834527915137,-6.380251608089623
-0.583290090734681,-1.0,0.5352458023955584,3.6401295942876306
-0.020152857543790814,0.5496029633114308,-0.7672346392909131,0.3011717533540651
-0.08638323061991371,0.4391806541315817,1.0,3.513116435911858
-1.0,0.5562615981022807,-0.31613538800644747,0.16853784083759915
-0.9348735270328656,0.876741322864564,-1.0,12.440649043081311
0.7277805976218561,-1.0,0.8341301347577696,-3.811774679463361
0.636451224414158,-0.847467357242548,-1.0,-14.417858778497044
0.24685915989360563,-0.09433987930338339,0.02311893624548178,1.2810087951226234
-1.0,-0.17548695199964937,-0.7218767374981439,0.19285305500209554
-0.8286255907243172,1.0,-1.0,5.596255216712954
1.0,-0.22508913096272076,0.15009596555467342,4.2977193403145995
1.0,-0.944862908674966,1.0,-5.491226919743134
-0.7175618463240243,0.4929790478759717,0.6364228807880041,-2.0353228614159726
-0.13424066969845327,1.0,0.9419546555393503,11.686476947657678
-0.011246477434285751,0.07077902066376351,-0.15439568320016384,0.2309044980944177
-1.0,-1.0,-0.7097025808229778,3.332389430979379
-0.19619883834977814,1.0,-0.8774458400590943,5.709328279503133
-0.9019176865883356,-0.1827329416430381,-0.8125519822854443,2.0755272109585743
-0.13865037405921665,0.5142651664809061,0.0502617164549406,-0.25609619468820827
0.9640754318498255,0.34086374550353193,0.02218102738932637,5.1849458335492855
-1.0,-0.9700735009847501,0.10099148930046153,7.521793347702475
-1.0,0.4033265941895865,0.7968321408639016,-2.668338196759707
-0.49755087733029235,0.45463545965966,-0.3312679287719935,-1.3741701340353067
0.08247457331071328,0.4754696014787603,-0.6895083636973036,0.08184181402747538
1.0,1.0,0.4018013350284808,13.342593166285127
-1.0,-0.6992638247614755,0.08023553744680734,1.0524059996240398
1.0,0.6971073787269417,-0.05006057625777083,7.052116648755602
1.0,0.7689739322650804,0.02354484164564208,7.8593547797543
0.0935420261770803,0.4632471664967295,0.3043610276051141,0.14837031905364417
1.0,0.5622266547198709,0.1389883528319802,6.930638523673012
-0.6541008610143413,-0.5398222394727119,-0.3153179797129324,1.4206143889140144
-1.0,1.0,1.0,18.038502349112438
1.0,-0.1795653251226197,-0.2976439835342186,4.848401162140432
-0.5735054493581189,1.0,0.9165642143966601,12.325740521810848
-0.15726618915626434,0.8937601421869035,1.0,10.142619583706667
0.9883954680528309,0.11101326158648805,-1.0,8.181139922987688
-1.0,-0.6226169324290602,-0.36532443215340815,-0.5070258281126533
-0.29721594994723244,0.9211096345123793,-1.0,-1.8266676587146937
0.17089422048225988,0.8252806146606506,1.0,7.173379768174646
0.06572059790784501,-1.0,0.06279863331913793,1.960023913428991
-0.3646800607336058,1.0,1.0,16.01712416066662
0.08112196046746378,0.22093255941936385,0.12567174130716086,1.0430640831150635
0.4243352690520099,0.5445707083985889,0.7156356256457099,1.7179714076251498
0.22351486978707302,0.8586459717403037,1.0,7.955883884201399
0.014127890679220378,0.05104667988300293,-0.7510765863419386,0.9186062760942943
-0.6710960024334907,-1.0,-1.0,-8.419361745182883
0.034345053738964904,-0.43529190900658365,-0.6134019127732107,0.2675058274887852
-0.041806849300261906,-0.3124705469055211,-0.7234433575319128,-0.4911021366852082
0.11673284412674279,-0.9312365663883175,0.30728009542883217,1.7306768801353356
0.4939269152490431,0.1581511828100466,-0.3357357968381034,0.5383370732321984
-1.0,0.3545796429649577,0.5720695984827593,-4.870351036402346
-0.00671617890880527,-0.545555406906429,1.0,-1.0711322266001448
0.07030223418595472,-0.516173600184308,1.0,-1.883976746771491
-0.8038299234364188,0.22708968035945398,-0.7029334026530574,0.4547372034904656
1.0,0.07030411592513075,0.6850589927414434,8.161738706599627
-0.520250735845643,0.7616231556192008,-1.0,-3.3230469111284444
0.5344174475989538,1.0,-1.0,7.962574200283688
0.4469606407501714,0.2841720715360905,-0.2557221395100091,1.1184083662047815
-0.3956852579575456,-0.95463696536163,-0.8996745265330821,-6.547634381225335
1.0,0.18311475568571356,0.49703991539423975,7.466341599887513
-0.2209645183649176,0.2056364111280733,-0.09982059048999381,0.14266871373378714
1.0,0.07655638790661445,-0.6871495111724353,6.320962219537387
-0.3398197492971131,-1.0,1.0,-5.243472457899747
0.24653898702684374,1.0,0.19894891633100364,8.00970576666598
0.22994309280087144,-1.0,-0.9402728106401186,-14.97631033388577
-0.41261641566654084,1.0,-1.0,0.9179753163963514
1.0,0.352248431780686,0.14413835371412786,6.244385588006443
-0.09989405153776665,0.40190656272999514,0.24727675870802113,0.5000473755171404
-0.746163552668681,-0.4311516347981237,-1.0,1.319694209708706
-0.7552129492774806,-1.0,-0.3128022881672885,4.267231953977098
0.9884148101322048,1.0,-0.21228810407071497,16.312375195796047
0.2656133095757205,0.10295408681433371,-0.6749712848019946,0.9392141166645083
-1.0,-1.0,-0.7482700457936133,3.1374493327246116
0.12888951762166667,1.0,-1.0,4.752242518326207
0.4228868540281465,-0.08168728544551151,-1.0,-3.033133208697298
0.8338065368881857,0.7498523987049224,0.21151501344393986,4.591975951385082
0.4722322205767915,0.7067362189781581,0.24688107998285602,1.7885727572898364
-0.9711142130022505,0.6079565709036967,-0.4120950133568988,-0.16880853606276114
-0.41344614758344256,0.7042295573196524,-0.5924439313304803,-0.8841881134430077
0.37106975519552643,-0.8839913348678832,-0.1383500044810213,1.5226666954550314
1.0,-0.4660576663946956,-0.026837972249061925,2.856607603774626
-0.5066154209456535,-0.31391208964180395,-1.0,-1.7614508235666542
0.6908573249575005,-1.0,1.0,-7.025001645370276
-0.6901453700407603,0.9014672658045582,0.4505291697336582,1.1096133913595367
-0.7944323550474834,1.0,-0.13973850626388118,3.794575069825962
0.5178190153125235,1.0,0.5138585344891247,6.552161497650434
0.07880462867033766,0.26417469732642296,0.6908973121204167,0.5487589013801143
-1.0,-0.7798485656669856,-0.23468903127934415,2.2205840681286264
0.34347390734401895,-0.6062345080830371,-0.6259161366957275,1.130766473245938
0.06354968913503223,-0.547447038431794,-1.0,-6.764575232209509
-0.7852012685240024,-1.0,-0.22537424981058396,5.242590608245599
0.2590757649606876,-0.12339845918219772,0.974005374666348,-0.46153847178062246
-0.39924979861931886,-0.09303495073271395,-0.47758948638269505,-0.07735209894502237
0.639237266645013,-0.5756698765711525,1.0,-3.4174981515681915
-0.633228841217861,-0.21030598332306472,-1.0,0.9204310536824473
0.8526653628688452,0.16952172038385327,0.03407000875522859,2.6278547217665245
-0.4944997036497705,-0.09617332809960577,0.674169757588903,0.3000548886850977
-0.4063553844798131,-0.2053355899244007,-0.6894259070946993,0.03158319216031674
-0.9175704898992052,1.0,-0.18037753365008835,6.620154464343438
0.9890308532860383,-1.0,-0.4734136626337273,-9.911320190017742
-1.0,-1.0,-0.09847877563421492,6.96194551748163
-1.0,-0.3082564444478084,1.0,4.7835830700704225
0.9659512900662324,-0.4637270139330121,-0.3359973932985545,3.409880479986351
0.046316154996211,-1.0,1.0,-5.6250847316212065
-0.5682251981092339,0.6431259211619087,0.21964140305089952,-1.3848990068118112
0.40134136183867186,-1.0,0.9483863462960278,-5.377935703037081
1.0,0.6954554256770706,0.26255527643615273,8.615317908416266
-0.8178129399120999,-1.0,0.859385732468479,8.312048210414657
0.6251476342265305,-0.7762982466914454,0.4652097111075395,0.4767872408734599
0.44167880223404343,-0.01953730647947416,-0.027986407895844945,0.649690630624629
-1.0,0.6954930115901854,-0.5374505198270412,4.180792137389854
0.5714119715799837,0.6821119121343584,0.32766406452857444,2.2547421649911947
0.5906123577918088,0.9383362350592801,0.21369609662879108,5.225585624617174
0.9568322791718504,0.7694212436124988,-0.5760137053715781,6.952784472125986
0.3883695780055567,0.4206484904915093,-0.2796791112293966,1.0450250826831669
-0.34814062735709395,-0.006166819731823203,0.45343180977110586,-0.9970639742867302
1.0,0.06791429446712227,0.4761083695056727,6.321991088831981
-0.6450996121064576,1.0,-0.5344984960887837,4.159627399612045
1.0,0.10187933055366383,-0.3752650228051444,3.7960484090800275
0.21118888731127994,-0.7655271465064988,-1.0,-9.8755063267391
-0.7637020227394475,-0.636031854951215,0.8982379460472356,3.4205367504446134
1.0,-0.8836219444958047,-0.5952687886574537,-2.4269395810853065
0.568857058514499,1.0,0.6711712792635711,8.202036765953116
-1.0,1.0,0.21786305544547946,4.183048951509777
1.0,0.23106581696460182,-0.9225728644350661,9.291180765532824
0.8507858589418495,0.22284743040685706,1.0,8.406023660830728
-0.3415937037152208,1.0,-0.47024435143106236,7.470522398210899
0.6245749184665386,0.4251360435782514,0.7692784735102858,2.787485906329421
0.15974129650779223,0.6347463801351929,-0.6195264200182888,1.2063275667879023
-0.8563822732375679,1.0,-0.6579103203017866,5.039652159162241
-0.08899453393797763,0.9916896121014862,1.0,13.206380216939419
-1.0,-1.0,-0.45261685289018994,4.777298065852558
-0.5803963268627357,-0.9487791091758926,-0.016206588847986314,2.868552392853344
-1.0,-0.8496187006969413,-0.5428316980046963,2.2251154751985935
0.3852984278424403,-0.21599969450209455,0.3465939538127969,1.313236806351001
-0.06668819843138785,-0.6331395567222682,-0.005489282439698817,1.157506360869289
-0.18627566093822479,0.32496997780006986,-0.0676623193968593,-0.22766120065756246
-0.17474192930902288,0.6090723791950301,-0.45694981867887075,-0.17510894869145407
0.38135814308164906,0.9540333676911832,0.7339637136655197,6.633340996976892
-0.5871970987879396,-1.0,-0.6537965515171333,-0.5157549476634619
-1.0,0.20880862815222456,-0.870985206743909,6.584010373200004
0.11706423194064697,-0.8792430267892213,0.29234524639743475,1.3984073247139084
1.0,-1.0,-0.0757790158837317,-8.258774293984592
-0.16382452313190643,-1.0,-0.6018837999883624,-1.4103143122400463
-0.13839617020301231,0.589167884754852,-0.2607448546227007,0.6698221695993868
-0.37484396887624594,-1.0,1.0,-4.7837433535931275
-0.3501724732596301,0.5406406535677397,-1.0,-3.1592855010449634
-0.6460642963077492,-0.5038289761488948,0.9283538017827881,2.011396609405903
0.9603339997401819,-0.6469409492602927,-1.0,-3.420361970537323
-0.14575102162984788,-0.7116466217251536,-1.0,-8.027965160026906
1.0,0.3599259182455561,0.8062755248185685,12.870078347113349
-1.0,0.8329470231028124,0.5083709652306394,-1.9770357887229635
-0.34230753298626837,-0.35084346003205713,-0.2697056934182547,0.9911523011661532
-0.053275738224884295,1.0,0.704608712421029,8.71034313664039
0.2602669286616093,-0.15702543328287133,1.0,-0.5042141343848497
-0.4148168734541948,0.19961490619093558,-1.0,-2.8232740497839584
0.5702239410127856,0.3465650866515726,0.3915073148949906,2.2195283319871653
-0.3056742831575985,-0.32990579773943485,-0.5293796536729916,0.08593627190359354
-0.7322074173094972,0.6747287586422117,-0.5548188948736614,-2.0600924178538595
0.6069940222439842,0.8444027224566641,0.5625847335778127,4.9234534570977395
0.6409992458499671,0.2862049832061353,0.024946181235482756,1.5326781189277328
0.035741554148107646,-0.2365529882025934,0.3441415267893111,0.6109651066667459
-0.9905053841116112,-0.29540811632554553,0.2507364421423126,-3.0415039647387525
-0.8767251318833129,0.6714709643147618,1.0,7.551348665326174
0.7564528230570222,0.36734829919591716,-0.652405392587978,1.1659607451308116
-0.03618949941801186,0.24362794390623832,-0.11498269074563172,0.24450999128022555
-0.3799371452621012,-0.48628906653277926,0.47499582748395075,0.06652146619303057
-0.1085012769376259,0.2748491315342727,-0.0075119449505340885,0.04936027517953962
0.005009061167595474,0.14940751129785257,-0.5528189209090777,0.2561307547698225
-0.5779837202919296,-0.1920386887235419,1.0,1.2712921397543946
0.9072481536457291,0.3726376676169989,0.732136037274957,8.000122089537692
-0.6010991548344411,-0.1948015548842108,0.15458248507567274,0.2066738763600129
0.07659694283773377,-0.29580782287209395,0.5466138957435116,0.5108865765293765
0.306478505434187,0.5247107060713907,-0.9422416427715345,-1.5024070864063748
1.0,0.16420154487068817,1.0,16.13435744294483
-1.0,-0.5587915232355656,1.0,9.912027144659266
0.07881689753605459,-0.7054053532137163,0.8979773834290423,-1.7346467489019548
-0.7167839755602472,0.1473880157838514,0.42404720397601237,-2.4595563931650934
1.0,0.16381062316039996,1.0,16.10932428886245
-1.0,-0.0165981592092157,-0.504844690748266,-1.7511767638948332
-0.804484972104409,0.4298277506894663,-0.5509040283058624,-0.8093196534268848
1.0,0.9076089465281527,0.08697014085191968,11.212926190054334
0.09717470919052107,1.0,0.035242370311972415,7.669507660059332
-0.3991021445556584,-0.7416787371817166,0.09119105722914167,2.3806249873567626
-0.387826828700504,1.0,-0.18143004310250666,7.136593288688805
0.7865757902741264,0.7625053013795069,0.659937759078423,6.483340894711176
0.0870588309759246,0.2909828269160941,1.0,2.0054219301034983
-1.0,0.3331150197177608,-1.0,15.414920035950987
-1.0,-1.0,0.27728096559100845,9.636318755361387
-0.6011517846651302,1.0,0.4938194965031346,5.108316355147479
0.08136555065133977,0.9147823630630507,0.4796898336361226,4.424448944144338
-1.0,0.37619056346274204,-0.6578084111027549,2.1839832073299172
-0.9853321752125164,-0.18379781820292407,0.053427319351643465,-3.9686629891869574
0.1563237541676219,1.0,-0.06534913394750874,8.885687209984829
-0.5693215000401777,0.016834799045777782,-0.18913891111607883,-0.13669302618286228
0.5004612891286908,-0.3684406347743221,-0.9102855349359151,-1.9480473539268797
-1.0,1.0,-0.2595017549483529,10.97053880189458
-0.5666901160883058,1.0,0.34583681001509636,4.488653200207066
-0.76174773033857,0.8134077861768796,-0.27607699835478905,-1.8042417133318822
-0.2553594992682424,0.3334527979752089,-1.0,-2.810360102133558
-0.753196529187792,1.0,-0.9314729527838521,2.248007516885721
-1.0,-0.414621623961964,-0.9799602383994652,4.995302527917451
-1.0,0.6892231941848881,0.9984734840009766,8.507691485850307
-0.405155555245841,-1.0,-0.02800291986803982,3.090636153485632
-0.1295891727580456,0.28481984426012263,0.26420356310554016,0.26135589879025306
0.42279591770198666,0.13473432038892685,0.8308797422173806,0.11846428218067173
0.4298084292899438,1.0,-0.986268086325097,6.692017482892914
1.0,1.0,0.37888710884793175,13.197161205742601
0.1322970841365294,-0.3323572715735943,-1.0,-3.8797235976216538
-0.4801843832642687,1.0,-1.0,0.3242111209153276
1.0,0.5638143406176022,0.1951284830776192,7.945594338614313
-1.0,-0.2722044324410624,-0.7430852435732742,0.7371079267484505
-0.5651445495776057,0.9409226639705046,-0.9566726817899833,-0.7067386374902491
-0.0771701683815944,-0.22509762710739656,0.7874541423813797,0.16050264709351603
0.09523984892054549,0.8417557162336289,0.48444406334596346,3.449661905373863
-0.7198345413141733,-0.36803355112234004,-0.09364621819942376,0.2677082224011899
1.0,-0.629409648928702,-0.49380467334077527,4.412807711721478
-0.898739134126779,1.0,-1.0,9.656422246176394
-0.46933357107428586,0.7278456647135696,1.0,8.474413906138984
1.0,-1.0,-0.42947245024896996,-9.90711046336183
0.1376154474851472,0.6408112019773551,0.9773230779758815,4.358990294812042
-0.8396401906366489,-0.3442325353498146,0.5662358472221827,0.7850832988399603
0.4847598074064361,-0.4328315561085656,-1.0,-5.4807915202160835
-0.8088832375606907,-0.3389336877204565,-0.5178488813143718,0.8475423379631117
1.0,-1.0,-0.09851209200171951,-9.070747456786975
-1.0,-0.4406135972087173,-0.3325544184807301,-0.9363586145028537
0.08367096668783147,-0.676124593952331,0.4635798292437303,1.0934655052251
-1.0,0.055345929771117186,1.0,4.423735041329413
-1.0,-0.3312059600802977,-0.738879523713033,0.9891459244271037
-0.14654605976163326,0.02712846637956723,-1.0,-2.470175328257305
-0.4744654577107581,0.1339768808195596,0.015714702690981852,-0.9661984862605916
-1.0,-0.48335831136226015,0.7051453638944754,2.514318405211132
-0.38721390028514935,1.0,1.0,15.400997846742067
0.27796018568152325,1.0,-0.3259515147372356,9.726317118237537
-0.057134114739663344,0.03870661654993657,-1.0,-2.8445191872790714
0.3538058278220848,0.9500934645917634,-0.11282633208292348,6.102371451982165
0.6954295552972694,1.0,-0.3963589037140449,11.305890020309693
1.0,-0.18161286797649479,0.3963429252790529,5.229202804954696
-0.13706924388713104,0.022410553054868165,0.6109396461315311,0.031042105236634414
-0.10416912933170375,0.025274978419296046,-0.9664522934665614,-2.4128647171366344
-0.6020306742796542,0.24377588523232463,-0.9360824035767947,-0.20649631835776722
0.17876821306979784,0.2137284530204795,0.8630686916051422,-0.3191262103852134
1.0,0.0007483554823628502,-0.4220654679977416,4.788011571928976
1.0,-1.0,1.0,-8.825094251106412
-0.854407054443,-0.8756929851310025,1.0,8.748878656972398
1.0,0.7414629560049026,0.2626818601300396,9.298969744564346
0.5895984186305756,0.16715411242828315,0.408267957192308,1.62453228105513
-0.19573500426835633,-0.26414346974918423,-0.036336576321525316,0.6798320386506791
-0.263997508580156,0.3613517904175345,-0.29714973058516136,-1.2524596157144778
0.6572730661200912,-1.0,0.44833202606754163,-1.14325880911302
-0.7522530964291694,-0.9917685480920937,0.8078111240687302,5.591512088542665
-0.040305645144450564,1.0,-0.8114509157050458,8.427364648981543
-0.4401683026188241,-0.09905595078235985,0.34501840431376696,-0.48574935061905034
0.990434350010506,0.25483547109458726,-1.0,10.139044844552657
1.0,-0.2502647661110513,-0.44694678579770875,4.185792422201635
0.9141183471330292,0.866362297260515,-0.04940227816834186,6.75918447242639
-1.0,0.4113934158043471,0.3457600161000749,-4.622742570476481
1.0,0.07776509821620636,-1.0,8.810704071611092
-0.6345141079546286,1.0,0.28374762415284516,4.071131795793241
0.4265956518991372,1.0,0.3955402307361875,6.36905487497315
0.3062043230867657,-0.14537183520812835,0.401795494612295,0.9950861360610397
1.0,-0.8561794132469092,-0.04758722227988965,0.2635504153236994
0.6087527597515332,0.3459543839349364,-1.0,-2.3055557661741117
0.8406298524203784,0.2896852709067168,0.5125000460974118,3.5804542363030505
0.45703564819061415,-0.7549263143556022,-0.2591130483402255,1.5359894052729528
-0.7510935021278189,-0.8317026538141195,0.17791761117023763,3.9179460166849602
-1.0,1.0,-1.0,21.213671833137855
-0.4117619220405324,-1.0,0.17843756942205036,3.763627637471013
-0.3986917617458434,-1.0,0.40168677727297486,2.688093439260172
-0.7215795002287624,1.0,-0.331945898939225,4.4970753154163
0.17458199365319493,-1.0,-0.9990955921096347,-18.760023272339435
0.7574754201482083,0.28416036356457686,-0.11376117596596136,2.1634417023730887
-0.26576893574309524,1.0,-0.4567919686323485,8.2787285347058
1.0,1.0,0.5110832635036813,14.321724685588118
0.5892279230910442,1.0,-1.0,8.860601821665878
-0.33637236454467145,1.0,-0.3137599307689929,6.838514243586775
0.8678835990291229,-0.08429957303291347,-0.6054336870398425,2.127567279836149
0.9301865431167793,1.0,-0.17709263872805914,13.522149430661061
0.8324663405965209,0.3496532419841858,-0.725767780155353,2.842140643406417
0.6112300668051045,0.5381730342135094,-0.2176820433834783,0.791479088068489
-0.9979418348817859,0.6011151828032377,-1.0,19.15977385822732
0.1273360796933778,0.28257612675439225,-0.5507420325372783,0.2965039176265914
-0.3915739226220647,-0.6781491246638964,0.654919677033011,0.4781235210249262
0.8320163394710285,-0.5345621960452409,1.0,-0.5645365470250094
-0.6812737845414185,1.0,-1.0,1.4789856008207247
-0.7233296452366271,-1.0,-0.9216115959327962,-4.221900826766878
1.0,-0.6355189254436151,-0.18204874307229857,3.0626439875481335
1.0,-0.544747495307458,0.017725640364645523,2.597263151756076
0.6039301413169518,0.409424803348152,0.36347757905686584,1.825605470768791
1.0,0.6000736867575345,0.0033421209213067016,6.9627381068766905
0.5963154668667381,-1.0,-0.5740650810986447,-5.143818638507203
1.0,-1.0,-1.0,-29.630162207600527
1.0,-0.11761124310140225,0.548589530559622,6.7098350632092165
-0.2610757336834668,0.540898221887731,-0.5117388458651617,-0.7793713975895589
0.7255843711500485,1.0,1.0,12.925253246955574
-0.21350747032538786,0.7971032204572894,-1.0,-3.7457569154517296
-1.0,0.87393039385922,1.0,13.184295352164865
-0.0899582450293892,-0.2569553345123279,-1.0,-4.135713335495159
-0.14963733657073597,0.461139485966634,-0.18416809687724323,0.022400294893608494
-0.5645043275472954,0.5471462921291064,0.9249384768385471,2.9916137914214067
-0.9745056158782899,1.0,-0.37989056470728233,9.565059750825586
-0.5392456282640623,0.28561757308341806,-0.1023674429568282,-1.5911731253827948
1.0,-0.44174660333185556,-0.12823198806787084,3.526675318604411
0.7582792443089297,-1.0,-0.13435406070474376,-3.5617515449148818
1.0,0.4946860799187984,0.5527855356755551,9.450480491793172
-1.0,0.7854016770882133,0.15007472833370206,-0.5988813016474979
1.0,0.2529685225027334,-0.7801722472760984,7.182185293168568
0.13086762117609974,0.9436809109546351,1.0,9.752543589970891
0.08910265378567761,-1.0,-0.18288672250515403,1.6831077180761675
0.8119551784596295,-1.0,-1.0,-27.119120449160036
1.0,-0.35648491660342274,-0.3751599391122946,3.9730813281901214
-0.28690905369844133,0.3094273493747428,0.5556344243046001,-0.022471453570986843
1.0,-0.1606496789144678,0.9990944592527957,10.126363526712243
0.40564715626403136,0.9950827271702383,-0.48522732810872093,9.831654181334255
-0.5056755584636143,0.3896868031000391,0.34275417501505934,-1.8982171124190153
-0.9914397335869445,0.036368894692348164,0.9593872653004762,1.5813308160414352
-0.8797466695837464,1.0,1.0,15.81624938060454
0.03308515748700391,-0.4379541518983756,0.018984100623878897,2.2379889423749644
-0.8769072270649236,-0.5569822134162994,-0.6467780446710643,1.800067226338647
1.0,-1.0,-0.47944764820595354,-10.055036745129863
-0.930991258615961,-1.0,0.2845050070538786,9.206437200397115
0.2586020345495097,-0.630640874127359,-0.29776758192471764,1.3501314463196246
-0.9997540944844179,-0.6912581308204109,0.09538193608537515,1.648323008828843
0.5614444077504237,-1.0,0.6222234363028998,-1.0516800642305513
-0.32512335856744,-0.16236105783184773,-0.42226745902304974,0.4882295666874246
-0.058248675541347605,-0.9196976241942978,-1.0,-12.808766469600863
-0.022938251617843797,0.1820398002335899,0.738741970783191,0.5901044179286302
0.5415346703388799,-1.0,1.0,-6.574274917303369
-0.3947422682223658,0.8997348521942827,0.6826475088207955,5.0819376374967895
0.18363446361908564,-0.725078835291924,-1.0,-9.266164181625598
0.6865303519535035,-0.43419633008808756,0.2878445639821867,2.093123040197968
0.13164125874401567,-1.0,0.1955017276784352,1.4771313062765143
-0.912188855778189,-0.3131554980022231,0.34634402558056787,-1.396936872055775
-1.0,0.20379475721178397,-0.6863661709167692,1.4602211877771778
-0.4505018862840058,0.5754586471512151,1.0,5.3522681392275215
0.11074304451510386,0.5442030504167203,-1.0,-3.9990307881258245
1.0,0.9658379753431359,0.04578862386887028,12.721968451981592
-0.23281951889874453,0.8335995684979907,0.12861594114240593,1.567973757685163
0.30837069068867873,-0.23078626270251168,1.0,-1.5125213205539414
0.4617363417170841,0.4912693858391439,-0.2885075925633096,0.5733737628886416
0.9378405130213792,-1.0,0.04989099069214342,-6.051370075934212
-1.0,-0.26106423999568484,-0.006143520696249016,-3.433945111619554
1.0,-0.44885464225230876,1.0,5.023652778246445
-0.11944043034351925,-0.21779289734831875,-1.0,-3.1829546694366897
-0.7111366330845825,-0.9786319794536884,0.15009591593029148,5.363816671577568
0.0031998832375632613,-0.0853241326548857,1.0,0.2206560668702543
0.34527076105016086,1.0,0.24889979754069902,6.850413086098853
0.459623696119593,0.818629231831862,-0.5231440501296667,3.1341770565575398
-0.1271603636308276,-0.6785718765592095,-1.0,-7.486726790817484
-0.3375248711341454,0.5015235946418644,-0.48200382795378394,-1.185079577354466
-1.0,0.795133235846144,-0.42970555447045644,4.2929410606278475
0.6564160886490642,0.3515857241924756,-0.5227960579932864,1.8559985569866964
0.2675545429472894,-0.32722183714663444,0.5729533514686838,0.10600802243238938
-0.6495402246007786,1.0,1.0,16.63890558902711
0.1940981123533203,0.029935333041996914,0.13574925479969524,-0.028458580270520728
-0.9628385158615518,0.5468398665178373,1.0,5.990368158431457
-0.016524901098723843,0.4262973347181016,0.2789970220212066,-0.13122821129557646
-0.19539629340339637,1.0,0.11662025396624354,7.142101927134397
1.0,-0.0766311328881315,0.2707689867106051,5.424795855890344
-0.44526365195175077,-0.46997928667734956,-0.7638690602200306,0.30520425251455985
0.9632034161553737,1.0,0.6875633102829257,14.566291322441172
-0.011185758756750097,1.0,-0.38835917170606016,9.261136204682389
0.5920598342490775,-0.8815129996726336,1.0,-5.369822462871866
0.6383452013288102,-0.18923882941458992,0.38653875115678793,1.00637463900896
0.5722662206882316,-0.7770251129012513,-1.0,-11.393992671055583
0.7557122575075632,0.2903136616736577,0.9345571827024968,4.97664879381817
0.24021875248483138,-0.07715949915682918,-0.6494695494839346,2.1603578908768055
-0.10158806010049748,1.0,-0.004826716054736835,8.40499129256826
0.7524744334132816,0.1484114878791838,0.22019711435301126,2.859852262252299
-1.0,-0.8094027438725102,-0.09466403430684878,3.7770781751797062
-0.029520597295948248,-1.0,-0.25897136010166455,2.2728638974996143
0.652766260299394,-0.7364884686028506,0.11273523083746562,1.0758608970318047
-1.0,0.7384548643604008,0.4442369993804647,-3.224140891728951
-0.18070492218491752,-1.0,0.6045750378562949,0.4144206640771272
-0.6237680252935054,-0.12731893667573257,-0.2516006421135515,0.10438338757276872
0.38922818917614355,0.45728493989469143,-1.0,-2.3339633898940004
0.3716270753748341,-0.41781131799416826,-0.6065129486599883,1.3944098041822948
1.0,-0.293403261881398,-1.0,4.905159411749146
-0.5924519647008835,-1.0,1.0,-0.6766428348212035
1.0,-0.46635649693885184,0.8589447837683482,6.06133963037758
0.6332534023956329,1.0,0.10772207335712691,7.419524827647932
0.6444748972581649,0.726598678642822,0.5369181543932653,3.925391303743473
-0.07872808903313677,-0.5789731778478675,0.5972765425036981,0.9054607803740595
1.0,0.16029363229706517,0.06699865350268297,5.5470110989548305
-1.0,1.0,-0.6611157817957385,13.311458350028092
-0.8884679882155087,0.7013540806898311,0.9347297325736155,4.45378760421371
1.0,-0.508837231055888,-0.029328790447262554,3.442978623708266
-0.4938574174847232,-0.7363043945386059,0.3547343517552899,1.3886093767237355
-0.5343541803687439,0.7659615679593297,1.0,7.936576032111721
0.21712558540120197,-1.0,-0.18935976260899112,1.8532840329586404
-0.21947565430711968,-0.16078463975475366,1.0,0.40722914205802513
1.0,0.22960981677547054,1.0,17.518530347224214
0.26363889866616597,-0.35852765911501017,-1.0,-4.752165501570925
0.508415103816692,1.0,0.35814551163821884,7.461199729634814
-0.11875489808348072,0.4154709400900072,-0.27192548641740855,0.3935444084209838
1.0,-0.13385413393734735,0.6601685419721339,7.408283077819782
-0.8248811994388607,1.0,-0.8870421296549869,3.830616732080054
-0.6080175328186774,-1.0,-1.0,-9.187162679430966
1.0,-0.3588087569719087,-0.3785922353743487,3.5928194004129725
-0.004918712719368834,1.0,-1.0,3.2333095423814826
0.1413721277596922,-0.6426565974100018,-0.3931859220295546,1.2606408613793996
-0.36461337846854325,0.10620887363974241,-0.3730036988240104,-0.5200757688296944
0.46623971215708426,0.012842365839279557,-1.0,-2.4742100078942304
-0.8928765778078167,-0.046026672799071244,-0.3630864147778132,-1.911035975208136
1.0,0.49905013834016043,-1.0,11.531521892128819
-0.08623773551462999,-0.46733624824974807,0.31979540512882987,1.0789159236613806
-0.6104229526587779,-0.6967857002502056,-0.734981003413679,-0.08732992171375648
0.34227916635269584,-0.23613081383284484,-1.0,-4.809193594056953
-1.0,1.0,0.01510560225423685,8.019683016230186
0.26688667798190524,0.05210951065981195,-0.9795604755923326,-1.6637858300964745
0.1399761495378562,-0.15468430265299515,0.6049331701974561,0.32595805358889884
-1.0,-0.5275983825597605,0.3360690265299908,-0.4087527594140981
0.2595067761316805,-0.7849043859283074,-0.9145973999101276,-6.030755466650841
0.2696570612677116,0.956834866808385,-0.8564299851604074,6.442978808809746
1.0,0.4512354199432136,-0.02261518680632557,5.612428374859537
-0.4723390775008458,-1.0,0.04756478175566792,3.3323420560592143
0.41884369510188457,-0.6543542992624736,1.0,-3.0638331962423546
0.07785310684026281,-0.2573285823365967,0.46299206968513196,1.2092667211456973
-0.17254887158131038,0.4261560244842071,-0.42013906616114927,-0.7567604349448567
0.6998976909903674,-0.33691925416519,0.9295386188750505,0.4671907678373358
-1.0,0.8017779921536063,-0.9037077186865794,13.869918785509306
1.0,1.0,-0.08215184936787101,15.391266390093888
-0.19859012106773632,-0.38555252205319746,0.03078379388563013,0.5387542584014595
-1.0,-0.35847782248725735,-0.4809035377511104,-2.308459563734277
-1.0,-0.6715078250000481,0.7464125546492311,6.876818228423273
-1.0,1.0,-1.0,21.954976017351374
-1.0,0.554299732331178,-0.9292027287895852,13.268066654786276
-0.4685750916016522,0.6892723437699917,-1.0,-3.477961331744946
0.08663357641059566,-1.0,-0.24890020841217497,2.158030898049262
0.30448112712362385,0.02082838662545483,-0.7234131269760122,0.17592228817296718
-0.5202870234450576,0.4918712584814142,0.9054050728931045,1.5973935448533363
-0.5807980179805132,-1.0,0.5985724491438174,3.8031660565225165
-0.5815925051934401,0.18940634648997468,-0.43302141668665173,0.24979274754362013
0.5659830295634585,-0.8739228083476125,0.18367817508088247,-0.020030655973542588
-0.5817953700892322,0.11152036894227102,0.06371785066342128,-0.8627250877182134
-0.5103605035191654,0.9537396886240654,0.21911157836626116,4.3292918272455125
1.0,-1.0,1.0,-8.137689886860537
0.8018441955786346,1.0,0.30016320864869783,7.739566969439409
0.3658523516185874,-0.5980314028499232,1.0,-2.9377149588478777
1.0,0.8506003102424404,0.036840455983284004,9.446609064861928
0.6176876562468026,-1.0,0.06196155385416202,-2.4810739850455796
1.0,0.889555999639781,1.0,25.917410399522588
-0.899697213970585,0.40802054298374646,-1.0,10.358720867061166
0.45707891210223894,-0.49851130551564826,-0.050779488800555495,1.09035850121445
-1.0,-0.40612449557590313,0.36012374657609714,-1.2486198107648159
0.6355855442829723,0.5178629386736131,-0.46085479998949164,0.9899971367788947
-0.41294761727513163,-0.4323919216375074,-0.8524057218752956,-0.5295950095785783
0.717426704305679,0.18944051844603793,-0.5982980085399878,1.6983024723296196
-0.25349044995016845,0.5711000860607067,0.12298022582820867,-0.3996599174430057
0.13145761397904288,0.400027509718059,-0.5637014661271236,0.16718192777837687
0.4064133449018088,1.0,0.467173117470318,7.012531295965763
-1.0,-0.9676103826173086,0.9620113436532705,19.644633178698886
0.4022933617582587,-0.22061803895096976,-1.0,-4.2841935613632245
1.0,0.06307946017674237,1.0,13.582853734614597
-0.5053876292201862,0.05834947663477341,-1.0,-0.28912089779488526
-0.6968734570619193,0.048457415251334846,0.08379420264798676,-0.7703716327862344
-0.1444624286417444,0.33242960465973437,0.1398462708515711,0.607278391129939
1.0,-0.7514359680227178,0.21946073711770842,2.280381772922387
-0.48549433711383183,1.0,-0.052245122634780206,6.856085160102276
-0.41862252726456406,0.05107694880965208,0.7940265897377536,-0.49185034360627683
0.33304097043788694,1.0,0.08392922940068459,7.807264365739512
-0.44836634262575736,-1.0,-0.28433145353104505,3.202518691399504
-0.7242558786103641,1.0,-0.051201876415078784,4.4818773966725365
0.18325806411760803,-0.7870177599237544,-0.49635542493340457,0.9502962852205136
0.3601126040085252,-0.4571515913682107,1.0,-2.8433551662844354
0.831277640210254,0.8179911260543502,-0.6692939908288738,5.364122917443615
-0.544450526862186,-0.40926828049785624,0.3673693066927377,0.3944121034177068
0.809548756079493,0.7580554425439123,1.0,13.583813678894815
1.0,1.0,0.6630075692682205,16.653436601301188
-1.0,1.0,-0.18790666848538207,10.860033456859648
-0.12675279220937985,-0.32124189605391673,1.0,0.2568136762808615
-0.48653400949391234,-1.0,-0.28870260497894895,3.562378841850211
-0.8684611966814013,1.0,-1.0,7.964183260334302
-0.12297256636093024,-0.0010364370341771068,-1.0,-2.5991226062263104
-0.8450717421147773,0.4484205029782724,-0.4138640138620737,-1.8559785609021173
-0.1567440831771041,-0.5355015401133152,0.775686485231238,-0.16710114652943014
0.04277492302370933,0.1814673805382383,-1.0,-3.2599401250076823
-0.19655164693171567,0.8288349147088359,0.04771008259507736,1.9205766452077522
0.7492169844540153,0.9995432986379575,-0.913592640709592,15.239793479398317
-1.0,-0.09044980173973904,0.6102910672328288,-3.926397646045986
0.0916618803107696,1.0,-0.3124378439336746,9.737269848800505
-0.07304241401820222,0.029771846758603893,0.05141892831484318,0.8473741144920119
-0.8389018196488325,-0.23915606032486103,1.0,3.4017489570827326
-0.2070420412746572,0.6800269959121841,-0.41627075609365316,0.2059917999001576
0.6643212867606081,-1.0,0.9953844967949084,-6.5504580983734435
-1.0,-1.0,1.0,21.98372530823317
-0.06519235598129325,0.13590379437891653,0.6925175561239867,-0.3492689471280561
0.19164995587689115,0.8178914619348914,-0.04707918928531085,2.182180921860552
0.5190769067371568,-0.6899743803686555,0.9070612766710358,-2.684142404978653
-1.0,-0.6849860240864991,-0.7592520078255052,1.8676304977296172
-0.9984110083807898,0.2874837455592276,0.17512627411480697,-5.682412596247809
-0.4393116025412229,-0.8225874234281081,0.7998021339272134,0.9883250397261083
0.7303542834396688,-0.6240664212972409,-0.5194304486443593,0.4288349074503017
-0.6792536699574965,-0.6211607322417629,0.8987314658207903,3.750587866307802
0.4229912887543552,1.0,0.9107747079311996,9.39230179906677
-0.4403891059827403,0.2523623629830918,-1.0,-2.4702124541435664
0.15788147737759406,-0.1064627506971334,0.24860801887339967,0.8779363416523338
-0.004775855550996466,-0.9333531658009455,-0.8517554251580062,-6.428678705824153
-0.9070906675425634,-0.9010898495625344,0.09653535618518361,6.190030108720301
-1.0,0.23687290486650858,0.7117544540397178,-3.504390997190153
0.7957686885826396,-0.268021664254098,0.39708238168142485,2.262489974906375
-0.1281228574537232,0.09209668127635084,-0.5192362054381301,-0.6471228568054231
-0.3635459913740766,-1.0,1.0,-5.706590592873077
-0.29272148507929097,0.6462620336735587,-0.6012552718371711,-0.2792103508104923
-1.0,-0.9054386100225726,0.0725257326328328,5.602802315978643
1.0,-0.9172208719751958,0.4524874510944181,-2.1463816575649655
0.33371586569863054,1.0,0.33631677113417213,7.206780707743749
-0.26679861552058304,-0.3619931088890693,-0.4778985138089724,1.749977414691264
0.6385148448523961,-0.8161718955340431,-1.0,-13.361400789897747
-0.632773090573594,-1.0,0.6367856658285491,5.057236634577903
1.0,1.0,0.0632643805267632,14.034545689572065
-0.3902191586185513,0.5823442444656193,0.5931182253861145,0.2826917614579426
-1.0,0.4643318815918511,-1.0,16.289472316267872
0.15077104737638924,-0.30367044649513364,1.0,-1.5729518022750444
-0.5169230788365053,-0.7196950093671242,-0.6574422989233533,0.4740523863018622
1.0,-1.0,1.0,-9.243781032686456
-0.2601056283321619,-1.0,-0.1440092513438258,3.675926583975138
-1.0,-0.3732031986126769,0.25221894139688694,-2.5519442219275206
-0.02550333925654269,-0.593135710115748,0.46901961607605647,0.33402393016460236
-1.0,1.0,-0.5434880454866216,12.29769176772005
-0.04388610536079063,0.05909037686439822,0.37018733575480134,-0.054705389384412606
-0.7963808826332588,-0.029531148104358085,0.8397670459905244,0.08710784064747706
0.22387434366817627,-1.0,0.21092717324900634,1.819883548507021
0.29868854603075423,-0.9467579813091824,-1.0,-16.131648199278864
0.04287195354695217,-1.0,-1.0,-17.388886002711597
-1.0,1.0,-0.38955614427206964,11.171757071960654
1.0,0.8722425462733023,-1.0,23.94931171225933
1.0,0.9303221659398553,0.8896714378599706,22.261466813524635
-0.80812880148928,-0.19365138513175673,0.9330878296788958,1.9127087391117061
0.43214626781291554,-0.6039316111506552,-0.42313459412359244,1.6912567051019658
-0.5157546640239112,0.20509308687579164,0.8134598206990638,0.10771521887309514
-0.024872938935251998,-0.6342169022266524,-1.0,-7.118900861025126
-0.1583989792601197,-0.2872967198084655,-0.3379734598611219,1.0706155777871194
0.5559699236852165,1.0,0.1668925158922745,7.315651237047047
-0.8934061693256641,-0.43244877909242185,1.0,5.573466943658731
0.19128941055739035,-0.046083053635898485,-1.0,-2.8310111019284756
-0.09954591281512393,0.8025131575283637,0.3703288063026353,1.2047393373587119
-0.40178058440270026,-1.0,1.0,-4.629731453596266
0.21566126264195362,0.15761572821518333,-0.7024738423884704,1.2027323090115656
-0.7772753910339787,-1.0,0.811533210923979,6.814908955522396
-0.19301540959740437,-0.3929541258303244,1.0,-0.18102280797610382
-0.04080111682566989,-0.45916664736659984,0.08642036424241328,0.1459748418752267
0.9216659931740252,-0.3911869065349589,-0.5559662060386237,3.024168932525635
0.6607193789067114,0.05057776415961768,0.5705587096957399,1.4429016177077547
-1.0,0.8307331286771213,0.2796953475438464,-1.1174411966934137
0.5103316664180995,-0.5543150884155965,1.0,-3.2717425760272505
0.6266851128095132,-0.2491372345495526,-0.18787359463147602,1.2506939121288176
0.0007999024615772399,0.9439161051329328,0.20647809925897054,5.038020650744624
0.18238800353481133,0.04006761013036719,1.0,-0.6167145433199076
-0.6184290956625325,-0.7950889965291614,0.851933526466953,2.1018898563533885
-0.19240874266608343,0.6755352165188704,0.8298695298532168,3.7435459867472543
0.3488719770141442,-1.0,-0.20009131141959524,0.9760395362103133
-0.786874374420286,1.0,-0.7401957670793264,3.418295129935547
-1.0,0.016380597512800854,0.3000010463452396,-4.469223493553929
-1.0,-1.0,-0.657842390377446,3.241641707126158
0.18641939995264445,-0.05994925062504075,-0.5238425999682186,1.3886618567226503
-0.06433003182173724,-0.16879732683683968,-1.0,-3.474965412329025
0.5386784678856718,-0.4949730988004102,-1.0,-5.627100514178286
0.1384021327656353,0.01663242693983258,-0.29956211195760796,1.2862058085659354
-0.12433068342987719,1.0,-0.6138796727826401,8.890763490500898
-0.9255653540286635,-0.06634663207693325,-0.06460856457836384,-2.5800192464850342
-0.9595611322899831,0.05286382383315469,-0.08692567778702065,-3.9130787351333205
0.0988180570901751,-0.5863630389646166,1.0,-2.5522874106814095
-0.6136150932211233,-0.2888652614355314,0.19485273436306194,-0.17662527547990817
-0.9839982315236442,0.6205326733812824,-0.8067300916243398,7.562663875542375
-0.4989374808234073,-1.0,1.0,-2.9049840985150053
0.7212808839882854,0.7585225118908645,-0.07296127040546652,3.058332153599988
-1.0,-0.0841294654403133,0.5121801532210268,-2.8906124024462976
-0.324424504157945,-1.0,0.6422802336813886,1.2981525960084528
0.11558852412840226,0.008159645664460147,-0.7497258869538497,0.7594689373897047
-0.6043636370827385,0.8220617401669721,-0.9873574824372853,-2.693412076994754
1.0,1.0,-0.47126730928812455,19.879009121658502
0.4722941187230243,-0.46422409605352577,1.0,-3.02299923146467
0.23475293127713126,0.2336467234981361,-0.19740342832472968,1.5287273657524696
0.5251259327707549,0.5015022087420462,-0.6354664512548815,1.1486485371266755
-1.0,-0.28083098044122345,-0.5129033475967579,-3.0085988550887515
-1.0,0.07611993449978471,-0.2841904915529787,-4.690272602748607
-0.5304389300915273,1.0,0.1903636906628583,5.82743714484469
-1.0,-0.7777882247860397,1.0,15.717392838142278
-1.0,0.18955966494600407,-0.3275838892414096,-3.9155915040953495
0.24319081884866844,-0.312827837047871,0.641651465450906,0.8275185114808518
-0.5502244773732332,0.6817755210716705,-1.0,-3.3517728027401614
0.25035314001149067,0.3750956779559349,-0.9097027316208741,-1.7346739875042683
-0.2522622023970842,-1.0,-0.03109714418299525,3.1951626715944927
1.0,-0.07062429547616689,0.11824656298446357,5.110821915373581
-0.37673274699459003,0.18691695608646763,-0.4027788734089266,-0.4709891675439055
-1.0,1.0,0.8855794188364683,6.559327657567299
-0.07458606849227722,0.13675774058392287,-0.48476928571963995,-0.08017336257352581
-0.3932774331839748,0.8834219907832754,1.0,11.127153936783923
0.6218765866873166,-0.5953319952090201,1.0,-3.525407918666622
1.0,1.0,0.5382759705709721,14.372506009779526
-0.34351398744061057,0.25052569522823065,-1.0,-1.7786965246560742
1.0,0.24526415342441732,1.0,17.388488975859705
0.8029602116021615,-1.0,-0.715241406054038,-12.014234226737372
-0.926538000101869,-1.0,-0.0812310064183257,7.013770907594046
-0.37013248166688495,0.5877597780941712,-1.0,-3.348332604984451
-0.09010086714284027,-0.007530352658448036,-0.5899815143825025,-0.2751339066742955
-1.0,-1.0,-0.7881212852517483,2.7457287495877227
-0.029039327086629374,-1.0,0.07565116305391828,1.8281609754486419
0.7934478789104307,0.6808037118216659,0.20945408874859872,3.6160036236523276
0.0891731697912177,-0.3038480656679714,0.464350582159611,0.8928404071474996
0.1792293147891677,0.892939910984069,0.9628390992137936,7.7817691291990085
-1.0,0.8359201987950418,0.27702518116238894,-0.06690236873709232
-1.0,-0.5229103755820157,0.166118673757794,-1.3548227877623515
0.7643431929437077,0.2979738428315064,0.5849764870107061,3.4552464389208732
-0.18274152321615134,-1.0,0.8494705853759332,-2.4597256139446153
0.8705078897260767,-0.6575244803679308,-0.10922607483046276,0.5631799220411636
1.0,0.6828915801892033,-0.4652481070078791,6.215811855703648
0.7477430650357206,0.34208244684105593,-0.9606841153594321,1.0416374931327916
-0.6595156036527028,1.0,-0.34991822671983264,4.822657028634742
-0.1872384146657784,0.8393354183916926,0.30752401849621314,1.5415834110210254
-0.9265797054542437,-0.4532430749416678,1.0,6.950091126641465
1.0,-0.21348536841828447,-0.19727459353113685,4.368384136149011
-0.2659473120476985,1.0,-0.6402932339587077,7.987140290687264
-0.41860516305092954,1.0,0.1096210488906868,5.677376306563906
-0.7020727754364304,-0.4311060921525469,-1.0,0.5586376743993713
0.051906074792763324,0.7854083058934054,1.0,7.904587002523677
0.2916903100568542,1.0,1.0,10.23339122786429
-0.1392430301638521,-0.3605308233723248,-0.13229490217806084,0.341101491602809
1.0,1.0,0.9790715465566049,25.3315835548202
-1.0,0.43317009862166045,1.0,3.9541158029346257
-0.11188247208358582,0.3914578582027197,1.0,3.073538450931267
0.7557146892233393,1.0,0.39195146099662437,6.940747225974451
-0.15163210041758224,-0.1954657758642233,-1.0,-3.837553076633502
-0.5685799222364141,0.732120360730498,0.38488496237866143,-0.3416632586145597
0.6888855144312747,0.08518760455276864,0.044640119551452084,1.5944327034229984
0.2369513460529462,1.0,-1.0,5.213724050274622
-1.0,0.004967025116030976,1.0,3.754657210063358
-0.2432865665914703,-1.0,-0.34193512899233713,1.657885596031061
-0.30885986972984547,-0.13877054402808575,0.9814841851675067,0.13560190125639682
0.5106281388599248,-0.8060225076748762,0.3849478271141171,1.384769586304584
-0.16270558682841174,-0.1319258134928738,-0.3335015060868982,0.012204708324242364
0.9038419070626278,0.3562879690051173,-0.8970399457696465,5.50218268039676
0.08723998308922809,-0.883362955618979,0.08331900508641321,1.4870832647053653
1.0,-1.0,-0.385660525580658,-9.668355983010512
0.9525924444895324,-0.824211548413188,-0.11852745989677627,-0.334514895662566
-0.48249321339702056,-0.5437159696505804,-0.3236828410177832,1.124416170354432
0.42756804556375805,-0.29540805529665914,-1.0,-4.549545308574862
1.0,-0.5392885248831483,1.0,4.491232938501474
1.0,1.0,-1.0,38.9633998769957
-1.0,1.0,0.42251950997143606,2.728416535152373
-0.4869509906893905,-0.42857959135728474,0.6319088144482132,1.671026736996374
-0.6326625072057541,1.0,-0.11233415336801045,5.501044954291912
-0.35308662396009916,1.0,1.0,16.020728205707957
0.6885582927491927,1.0,-0.056614498756329956,8.722602825661983
0.44178395528300207,-0.8360435732131279,0.29003592980073933,0.9582907100716639
1.0,0.7546003919702466,0.00281325936889143,8.44095545303758
-0.3904609041166025,-0.47285083261984884,0.0969272243600452,0.8954925980091721
-0.17580182029249802,-0.5632301867400948,-0.9056130769963393,-3.0734526721927766
1.0,-0.9596337268500656,-0.29689930964082145,-5.665886894497295
-0.6438034213993855,1.0,1.0,16.17844216319954
0.6992522241506165,-0.76833655888241,-0.17661522649816175,0.3616995951799198
-1.0,0.4049702837519651,0.19705720265507476,-4.370359704973504
-1.0,0.02755472389075364,0.4409623547737942,-3.892591250871654
0.49390626064000864,0.18005520517796736,0.3014514903686458,1.4902584662752696
0.3374684079515957,-0.4717960030353969,0.9232844959215991,-2.453940109976486
0.42101827849166207,0.5326792629755024,-0.20229839212688905,0.7347633889277272
-0.6828765154835832,1.0,0.6280029186479463,4.329766077634455
-0.010623131290322663,1.0,-0.44305825691579526,8.988348558415328
0.28585342466124475,0.6546602959587136,0.28868865824055256,0.8384459273179399
0.049529589938865914,1.0,-0.1478957599480195,8.905644909913423
0.6130336419465394,1.0,-0.9537566724126971,10.354316100247516
0.8825868816463307,1.0,-0.6180488749163882,17.424102401157835
-0.16735723999538066,0.10575466711378301,0.5710088598735539,0.44552805788773814
-0.7121263017521917,0.05293099839089965,-0.38517908961465186,-1.1166137891417756
0.11051122094035137,-0.8431656605731586,-0.0356560610227068,1.5798985494060989
-0.724491196241976,0.9231342554614612,1.0,13.205737997342663
-1.0,-0.750791170457221,0.5568229080139884,6.130378776196189
-1.0,-1.0,0.9913792968888775,21.591061690687095
0.30499767371783015,-0.5801512166658724,0.3045977999030616,1.622393999912239
0.3710093649534967,-0.8618846782665779,0.5405464763369834,0.7202230413492723
-0.9272445058131285,1.0,0.18965420411114753,3.876667443680584
-0.19921267915461427,0.1488336147524374,0.034320180010626755,0.1046526726476441
0.02768300932470269,0.39809324977045435,1.0,2.138978827143281
0.7711907870755541,0.2678004268919194,0.07449783156214607,2.4674228743356785
-0.07616137489340358,0.15585246235631867,0.3140990474387908,0.7712088427475375
-0.6128076319093416,-0.7381691577027025,-1.0,-2.916616223718405
1.0,-1.0,-0.7528131786480652,-15.926420773369397
-0.7015693702026149,-0.49268100889322675,0.0348217419333281,1.0697148229027695
0.618116187474621,0.2766642531211545,-0.08638993377335935,0.8791192394090734
-0.7666969498700427,0.09263092888298097,1.0,2.915349569749497
0.6349508076497083,0.8279733113609229,-0.9396721624523907,2.4496534739044202
-0.34208147665944777,-0.6574554932364398,-0.5309561234312752,0.37974288856392346
0.1853055746811414,0.46422046124236216,0.46801995823497733,0.08037093893978287
0.06895833779654126,0.8729346475548458,-0.04124080265753727,3.0730415787064036
0.22740353107428857,1.0,-0.05744375540477842,7.73696051492792
1.0,-0.11796418300941047,-0.6149892192017499,5.18163599304165
-0.015972254125820706,1.0,-0.041939754355004855,8.133106536054251
0.22597368101151938,-0.056435506621787646,0.808834626200458,-0.08280189548241564
1.0,0.4966008984830306,1.0,22.753648317239854
-0.9208295885034421,-0.5969793639802068,-1.0,5.059982121442114
-0.3868670233552891,-0.694846921251522,0.3094814644754331,1.3776761482727287
0.22426840225966882,-0.9144691585602924,-0.3801531394013449,2.017356664285957
-0.1571391045611663,0.5083861028567696,0.36894157342878975,0.4213606403919109
-0.6569287748130197,0.5042938567715209,0.8241376191660001,-0.3248667907929152
1.0,0.04319767753959858,-0.7161460780984632,5.9055183058853
